{"score results": {"accuracy": {"maxes": {"model 1": 1.0, "model 2": 0.56024, "model 3": 1.0, "model 4": 0.50602, "model 5": 1.0, "model 6": 0.56024, "model 7": 1.0, "model 8": 0.50602, "model 9": 0.95783, "model 10": 1.0, "model 11": 0.95783, "model 12": 1.0, "model 13": 0.96988, "model 14": 1.0, "model 15": 0.96988, "model 16": 1.0}, "mins": {"model 1": 1.0, "model 2": 0.46667, "model 3": 0.99394, "model 4": 0.43976, "model 5": 1.0, "model 6": 0.46667, "model 7": 0.99394, "model 8": 0.43976, "model 9": 0.90303, "model 10": 0.99394, "model 11": 0.90303, "model 12": 0.99394, "model 13": 0.91515, "model 14": 0.99394, "model 15": 0.91515, "model 16": 0.99394}}, "precision score": {"maxes": {"model 1": 1.0, "model 2": 1.0, "model 3": 1.0, "model 4": 1.0, "model 5": 1.0, "model 6": 1.0, "model 7": 1.0, "model 8": 1.0, "model 9": 0.95238, "model 10": 1.0, "model 11": 0.95238, "model 12": 1.0, "model 13": 0.96429, "model 14": 1.0, "model 15": 0.96429, "model 16": 1.0}, "mins": {"model 1": 1.0, "model 2": 0.0, "model 3": 1.0, "model 4": 0.0, "model 5": 1.0, "model 6": 0.0, "model 7": 1.0, "model 8": 0.0, "model 9": 0.83721, "model 10": 0.98701, "model 11": 0.83721, "model 12": 0.98701, "model 13": 0.86047, "model 14": 0.98701, "model 15": 0.86047, "model 16": 0.98701}}, "f1 score": {"maxes": {"model 1": 1.0, "model 2": 0.71815, "model 3": 1.0, "model 4": 0.672, "model 5": 1.0, "model 6": 0.71815, "model 7": 1.0, "model 8": 0.672, "model 9": 0.95808, "model 10": 1.0, "model 11": 0.95808, "model 12": 1.0, "model 13": 0.97006, "model 14": 1.0, "model 15": 0.97006, "model 16": 1.0}, "mins": {"model 1": 1.0, "model 2": 0.0, "model 3": 0.99408, "model 4": 0.0, "model 5": 1.0, "model 6": 0.0, "model 7": 0.99422, "model 8": 0.0, "model 9": 0.9, "model 10": 0.99346, "model 11": 0.9, "model 12": 0.99346, "model 13": 0.91358, "model 14": 0.99346, "model 15": 0.91358, "model 16": 0.99346}}}, "models": {"type": {"model 1": "rf", "model 2": "rf", "model 3": "rf", "model 4": "rf", "model 5": "rf", "model 6": "rf", "model 7": "rf", "model 8": "rf", "model 9": "svc", "model 10": "svc", "model 11": "svc", "model 12": "svc", "model 13": "svc", "model 14": "svc", "model 15": "svc", "model 16": "svc"}, "MwHP": {}}}