{"score results": {"accuracy": {"maxes": {"model 1": 1.0, "model 2": 0.53333, "model 3": 0.56024, "model 4": 1.0, "model 5": 0.56024, "model 6": 0.53333, "model 7": 1.0, "model 8": 0.52121, "model 9": 0.52121, "model 10": 1.0, "model 11": 0.49398, "model 12": 0.56024, "model 13": 1.0, "model 14": 0.53333, "model 15": 0.53333, "model 16": 1.0, "model 17": 0.50602, "model 18": 0.52121, "model 19": 1.0, "model 20": 0.56024, "model 21": 0.53333, "model 22": 1.0, "model 23": 0.53333, "model 24": 0.56024, "model 25": 1.0, "model 26": 0.50602, "model 27": 0.52121, "model 28": 0.95783, "model 29": 1.0, "model 30": 0.92727, "model 31": 0.95783, "model 32": 1.0, "model 33": 0.92727, "model 34": 0.95783, "model 35": 1.0, "model 36": 0.92121, "model 37": 0.96988, "model 38": 1.0, "model 39": 0.89091, "model 40": 0.96988, "model 41": 1.0, "model 42": 0.89091, "model 43": 0.96988, "model 44": 1.0, "model 45": 0.89091, "model 46": 0.98193, "model 47": 1.0, "model 48": 0.78788, "model 49": 0.98193, "model 50": 1.0, "model 51": 0.78788, "model 52": 0.98193, "model 53": 1.0, "model 54": 0.78788}, "mins": {"model 1": 0.99394, "model 2": 0.43976, "model 3": 0.47879, "model 4": 0.99398, "model 5": 0.47879, "model 6": 0.43976, "model 7": 0.99394, "model 8": 0.43976, "model 9": 0.43976, "model 10": 1.0, "model 11": 0.43976, "model 12": 0.46667, "model 13": 0.99394, "model 14": 0.43976, "model 15": 0.43976, "model 16": 0.99398, "model 17": 0.43976, "model 18": 0.43976, "model 19": 1.0, "model 20": 0.46667, "model 21": 0.43976, "model 22": 0.99398, "model 23": 0.43976, "model 24": 0.47879, "model 25": 0.99394, "model 26": 0.43976, "model 27": 0.43976, "model 28": 0.90303, "model 29": 0.99394, "model 30": 0.85542, "model 31": 0.90303, "model 32": 0.99394, "model 33": 0.85542, "model 34": 0.90303, "model 35": 0.99394, "model 36": 0.85542, "model 37": 0.91515, "model 38": 0.99394, "model 39": 0.80606, "model 40": 0.91515, "model 41": 0.99394, "model 42": 0.80606, "model 43": 0.91515, "model 44": 0.99394, "model 45": 0.8, "model 46": 0.92121, "model 47": 0.99394, "model 48": 0.71515, "model 49": 0.92121, "model 50": 0.99394, "model 51": 0.71515, "model 52": 0.92121, "model 53": 0.99394, "model 54": 0.71515}}, "precision score": {"maxes": {"model 1": 1.0, "model 2": 1.0, "model 3": 1.0, "model 4": 1.0, "model 5": 1.0, "model 6": 1.0, "model 7": 1.0, "model 8": 1.0, "model 9": 1.0, "model 10": 1.0, "model 11": 1.0, "model 12": 1.0, "model 13": 1.0, "model 14": 1.0, "model 15": 0.0, "model 16": 1.0, "model 17": 1.0, "model 18": 1.0, "model 19": 1.0, "model 20": 1.0, "model 21": 1.0, "model 22": 1.0, "model 23": 1.0, "model 24": 1.0, "model 25": 1.0, "model 26": 1.0, "model 27": 1.0, "model 28": 0.95238, "model 29": 1.0, "model 30": 0.97403, "model 31": 0.95238, "model 32": 1.0, "model 33": 0.97403, "model 34": 0.95238, "model 35": 1.0, "model 36": 0.97403, "model 37": 0.96429, "model 38": 1.0, "model 39": 0.94186, "model 40": 0.96429, "model 41": 1.0, "model 42": 0.94186, "model 43": 0.96429, "model 44": 1.0, "model 45": 0.94186, "model 46": 0.96429, "model 47": 1.0, "model 48": 0.81818, "model 49": 0.96429, "model 50": 1.0, "model 51": 0.81818, "model 52": 0.96429, "model 53": 1.0, "model 54": 0.81818}, "mins": {"model 1": 1.0, "model 2": 0.0, "model 3": 0.0, "model 4": 1.0, "model 5": 0.0, "model 6": 0.0, "model 7": 1.0, "model 8": 0.0, "model 9": 0.0, "model 10": 1.0, "model 11": 0.0, "model 12": 0.0, "model 13": 1.0, "model 14": 0.0, "model 15": 0.0, "model 16": 1.0, "model 17": 0.0, "model 18": 0.0, "model 19": 1.0, "model 20": 0.0, "model 21": 0.0, "model 22": 1.0, "model 23": 0.0, "model 24": 0.0, "model 25": 1.0, "model 26": 0.0, "model 27": 0.0, "model 28": 0.83721, "model 29": 0.98701, "model 30": 0.77419, "model 31": 0.83721, "model 32": 0.98701, "model 33": 0.77419, "model 34": 0.83721, "model 35": 0.98701, "model 36": 0.77419, "model 37": 0.86047, "model 38": 0.98701, "model 39": 0.72727, "model 40": 0.86047, "model 41": 0.98701, "model 42": 0.72727, "model 43": 0.86047, "model 44": 0.98701, "model 45": 0.72727, "model 46": 0.87209, "model 47": 0.98701, "model 48": 0.67532, "model 49": 0.87209, "model 50": 0.98701, "model 51": 0.67532, "model 52": 0.87209, "model 53": 0.98701, "model 54": 0.67532}}, "f1 score": {"maxes": {"model 1": 1.0, "model 2": 0.68526, "model 3": 0.71815, "model 4": 1.0, "model 5": 0.71815, "model 6": 0.68526, "model 7": 1.0, "model 8": 0.68526, "model 9": 0.68526, "model 10": 1.0, "model 11": 0.63636, "model 12": 0.71815, "model 13": 1.0, "model 14": 0.68526, "model 15": 0.0, "model 16": 1.0, "model 17": 0.672, "model 18": 0.68526, "model 19": 1.0, "model 20": 0.71815, "model 21": 0.63636, "model 22": 1.0, "model 23": 0.63636, "model 24": 0.71815, "model 25": 1.0, "model 26": 0.672, "model 27": 0.68526, "model 28": 0.95808, "model 29": 1.0, "model 30": 0.92857, "model 31": 0.95808, "model 32": 1.0, "model 33": 0.92857, "model 34": 0.95808, "model 35": 1.0, "model 36": 0.92308, "model 37": 0.97006, "model 38": 1.0, "model 39": 0.9, "model 40": 0.97006, "model 41": 1.0, "model 42": 0.9, "model 43": 0.97006, "model 44": 1.0, "model 45": 0.9, "model 46": 0.98182, "model 47": 1.0, "model 48": 0.77108, "model 49": 0.98182, "model 50": 1.0, "model 51": 0.77108, "model 52": 0.98182, "model 53": 1.0, "model 54": 0.77108}, "mins": {"model 1": 0.99422, "model 2": 0.0, "model 3": 0.0, "model 4": 0.99465, "model 5": 0.0, "model 6": 0.0, "model 7": 0.99422, "model 8": 0.0, "model 9": 0.0, "model 10": 1.0, "model 11": 0.0, "model 12": 0.0, "model 13": 0.99422, "model 14": 0.0, "model 15": 0.0, "model 16": 0.99408, "model 17": 0.0, "model 18": 0.0, "model 19": 1.0, "model 20": 0.0, "model 21": 0.0, "model 22": 0.99408, "model 23": 0.0, "model 24": 0.0, "model 25": 0.99422, "model 26": 0.0, "model 27": 0.0, "model 28": 0.9, "model 29": 0.99346, "model 30": 0.85714, "model 31": 0.9, "model 32": 0.99346, "model 33": 0.85714, "model 34": 0.9, "model 35": 0.99346, "model 36": 0.85714, "model 37": 0.91358, "model 38": 0.99346, "model 39": 0.80488, "model 40": 0.91358, "model 41": 0.99346, "model 42": 0.80488, "model 43": 0.91358, "model 44": 0.99346, "model 45": 0.8, "model 46": 0.92025, "model 47": 0.99346, "model 48": 0.72189, "model 49": 0.92025, "model 50": 0.99346, "model 51": 0.72189, "model 52": 0.92025, "model 53": 0.99346, "model 54": 0.72189}}}, "models": {"type": {"model 1": "rf", "model 2": "rf", "model 3": "rf", "model 4": "rf", "model 5": "rf", "model 6": "rf", "model 7": "rf", "model 8": "rf", "model 9": "rf", "model 10": "rf", "model 11": "rf", "model 12": "rf", "model 13": "rf", "model 14": "rf", "model 15": "rf", "model 16": "rf", "model 17": "rf", "model 18": "rf", "model 19": "rf", "model 20": "rf", "model 21": "rf", "model 22": "rf", "model 23": "rf", "model 24": "rf", "model 25": "rf", "model 26": "rf", "model 27": "rf", "model 28": "svc", "model 29": "svc", "model 30": "svc", "model 31": "svc", "model 32": "svc", "model 33": "svc", "model 34": "svc", "model 35": "svc", "model 36": "svc", "model 37": "svc", "model 38": "svc", "model 39": "svc", "model 40": "svc", "model 41": "svc", "model 42": "svc", "model 43": "svc", "model 44": "svc", "model 45": "svc", "model 46": "svc", "model 47": "svc", "model 48": "svc", "model 49": "svc", "model 50": "svc", "model 51": "svc", "model 52": "svc", "model 53": "svc", "model 54": "svc"}, "MwHP": {}}}